[
  {
    "name": "Afghanistan",
    "isoCode": "AF",
    "currencies": [
      {
        "name": "AFN",
        "fullName": "Afghan afghani",
        "symbol": "\u060b"
      }
    ],
    "callingCodes": [
      "+93"
    ],
    "continents": [
      "Asia"
    ]
  },
  {
    "name": "Albania",
    "isoCode": "AL",
    "currencies": [
      {
        "name": "ALL",
        "fullName": "Albanian lek",
        "symbol": "L"
      }
    ],
    "callingCodes": [
      "+355"
    ],
    "continents": [
      "Europe"
    ]
  },
  {
    "name": "Algeria",
    "isoCode": "DZ",
    "currencies": [
      {
        "name": "DZD",
        "fullName": "Algerian dinar",
        "symbol": "\u062f.\u062c"
      }
    ],
    "callingCodes": [
      "+213"
    ],
    "continents": [
      "Africa"
    ]
  },
  {
    "name": "American Samoa",
    "isoCode": "AS",
    "currencies": [
      {
        "name": "USD",
        "fullName": "United States dollar",
        "symbol": "$"
      }
    ],
    "callingCodes": [
      "+1684"
    ],
    "continents": [
      "Oceania"
    ]
  },
  {
    "name": "Andorra",
    "isoCode": "AD",
    "currencies": [
      {
        "name": "EUR",
        "fullName": "Euro",
        "symbol": "\u20ac"
      }
    ],
    "callingCodes": [
      "+376"
    ],
    "continents": [
      "Europe"
    ]
  },
  {
    "name": "Angola",
    "isoCode": "AO",
    "currencies": [
      {
        "name": "AOA",
        "fullName": "Angolan kwanza",
        "symbol": "Kz"
      }
    ],
    "callingCodes": [
      "+244"
    ],
    "continents": [
      "Africa"
    ]
  },
  {
    "name": "Anguilla",
    "isoCode": "AI",
    "currencies": [
      {
        "name": "XCD",
        "fullName": "Eastern Caribbean dollar",
        "symbol": "$"
      }
    ],
    "callingCodes": [
      "+1264"
    ],
    "continents": [
      "North America"
    ]
  },
  {
    "name": "Antarctica",
    "isoCode": "AQ",
    "currencies": [],
    "callingCodes": [],
    "continents": [
      "Antarctica"
    ]
  },
  {
    "name": "Antigua and Barbuda",
    "isoCode": "AG",
    "currencies": [
      {
        "name": "XCD",
        "fullName": "Eastern Caribbean dollar",
        "symbol": "$"
      }
    ],
    "callingCodes": [
      "+1268"
    ],
    "continents": [
      "North America"
    ]
  },
  {
    "name": "Argentina",
    "isoCode": "AR",
    "currencies": [
      {
        "name": "ARS",
        "fullName": "Argentine peso",
        "symbol": "$"
      }
    ],
    "callingCodes": [
      "+54"
    ],
    "continents": [
      "South America"
    ]
  },
  {
    "name": "Armenia",
    "isoCode": "AM",
    "currencies": [
      {
        "name": "AMD",
        "fullName": "Armenian dram",
        "symbol": "\u058f"
      }
    ],
    "callingCodes": [
      "+374"
    ],
    "continents": [
      "Asia"
    ]
  },
  {
    "name": "Aruba",
    "isoCode": "AW",
    "currencies": [
      {
        "name": "AWG",
        "fullName": "Aruban florin",
        "symbol": "\u0192"
      }
    ],
    "callingCodes": [
      "+297"
    ],
    "continents": [
      "North America"
    ]
  },
  {
    "name": "Australia",
    "isoCode": "AU",
    "currencies": [
      {
        "name": "AUD",
        "fullName": "Australian dollar",
        "symbol": "$"
      }
    ],
    "callingCodes": [
      "+61"
    ],
    "continents": [
      "Oceania"
    ]
  },
  {
    "name": "Austria",
    "isoCode": "AT",
    "currencies": [
      {
        "name": "EUR",
        "fullName": "Euro",
        "symbol": "\u20ac"
      }
    ],
    "callingCodes": [
      "+43"
    ],
    "continents": [
      "Europe"
    ]
  },
  {
    "name": "Azerbaijan",
    "isoCode": "AZ",
    "currencies": [
      {
        "name": "AZN",
        "fullName": "Azerbaijani manat",
        "symbol": "\u20bc"
      }
    ],
    "callingCodes": [
      "+994"
    ],
    "continents": [
      "Europe",
      "Asia"
    ]
  },
  {
    "name": "Bahamas",
    "isoCode": "BS",
    "currencies": [
      {
        "name": "BSD",
        "fullName": "Bahamian dollar",
        "symbol": "$"
      },
      {
        "name": "USD",
        "fullName": "United States dollar",
        "symbol": "$"
      }
    ],
    "callingCodes": [
      "+1242"
    ],
    "continents": [
      "North America"
    ]
  },
  {
    "name": "Bahrain",
    "isoCode": "BH",
    "currencies": [
      {
        "name": "BHD",
        "fullName": "Bahraini dinar",
        "symbol": ".\u062f.\u0628"
      }
    ],
    "callingCodes": [
      "+973"
    ],
    "continents": [
      "Asia"
    ]
  },
  {
    "name": "Bangladesh",
    "isoCode": "BD",
    "currencies": [
      {
        "name": "BDT",
        "fullName": "Bangladeshi taka",
        "symbol": "\u09f3"
      }
    ],
    "callingCodes": [
      "+880"
    ],
    "continents": [
      "Asia"
    ]
  },
  {
    "name": "Barbados",
    "isoCode": "BB",
    "currencies": [
      {
        "name": "BBD",
        "fullName": "Barbadian dollar",
        "symbol": "$"
      }
    ],
    "callingCodes": [
      "+1246"
    ],
    "continents": [
      "North America"
    ]
  },
  {
    "name": "Belarus",
    "isoCode": "BY",
    "currencies": [
      {
        "name": "BYN",
        "fullName": "Belarusian ruble",
        "symbol": "Br"
      }
    ],
    "callingCodes": [
      "+375"
    ],
    "continents": [
      "Europe"
    ]
  },
  {
    "name": "Belgium",
    "isoCode": "BE",
    "currencies": [
      {
        "name": "EUR",
        "fullName": "Euro",
        "symbol": "\u20ac"
      }
    ],
    "callingCodes": [
      "+32"
    ],
    "continents": [
      "Europe"
    ]
  },
  {
    "name": "Belize",
    "isoCode": "BZ",
    "currencies": [
      {
        "name": "BZD",
        "fullName": "Belize dollar",
        "symbol": "$"
      }
    ],
    "callingCodes": [
      "+501"
    ],
    "continents": [
      "North America"
    ]
  },
  {
    "name": "Benin",
    "isoCode": "BJ",
    "currencies": [
      {
        "name": "XOF",
        "fullName": "West African CFA franc",
        "symbol": "Fr"
      }
    ],
    "callingCodes": [
      "+229"
    ],
    "continents": [
      "Africa"
    ]
  },
  {
    "name": "Bermuda",
    "isoCode": "BM",
    "currencies": [
      {
        "name": "BMD",
        "fullName": "Bermudian dollar",
        "symbol": "$"
      }
    ],
    "callingCodes": [
      "+1441"
    ],
    "continents": [
      "North America"
    ]
  },
  {
    "name": "Bhutan",
    "isoCode": "BT",
    "currencies": [
      {
        "name": "BTN",
        "fullName": "Bhutanese ngultrum",
        "symbol": "Nu."
      },
      {
        "name": "INR",
        "fullName": "Indian rupee",
        "symbol": "\u20b9"
      }
    ],
    "callingCodes": [
      "+975"
    ],
    "continents": [
      "Asia"
    ]
  },
  {
    "name": "Bolivia",
    "isoCode": "BO",
    "currencies": [
      {
        "name": "BOB",
        "fullName": "Bolivian boliviano",
        "symbol": "Bs."
      }
    ],
    "callingCodes": [
      "+591"
    ],
    "continents": [
      "South America"
    ]
  },
  {
    "name": "Bosnia and Herzegovina",
    "isoCode": "BA",
    "currencies": [
      {
        "name": "BAM",
        "fullName": "Bosnia and Herzegovina convertible mark",
        "symbol": "KM"
      }
    ],
    "callingCodes": [
      "+387"
    ],
    "continents": [
      "Europe"
    ]
  },
  {
    "name": "Botswana",
    "isoCode": "BW",
    "currencies": [
      {
        "name": "BWP",
        "fullName": "Botswana pula",
        "symbol": "P"
      }
    ],
    "callingCodes": [
      "+267"
    ],
    "continents": [
      "Africa"
    ]
  },
  {
    "name": "Bouvet Island",
    "isoCode": "BV",
    "currencies": [],
    "callingCodes": [
      "+47"
    ],
    "continents": [
      "Antarctica"
    ]
  },
  {
    "name": "Brazil",
    "isoCode": "BR",
    "currencies": [
      {
        "name": "BRL",
        "fullName": "Brazilian real",
        "symbol": "R$"
      }
    ],
    "callingCodes": [
      "+55"
    ],
    "continents": [
      "South America"
    ]
  },
  {
    "name": "British Indian Ocean Territory",
    "isoCode": "IO",
    "currencies": [
      {
        "name": "USD",
        "fullName": "United States dollar",
        "symbol": "$"
      }
    ],
    "callingCodes": [
      "+246"
    ],
    "continents": [
      "Asia"
    ]
  },
  {
    "name": "British Virgin Islands",
    "isoCode": "VG",
    "currencies": [
      {
        "name": "USD",
        "fullName": "United States dollar",
        "symbol": "$"
      }
    ],
    "callingCodes": [
      "+1284"
    ],
    "continents": [
      "North America"
    ]
  },
  {
    "name": "Brunei",
    "isoCode": "BN",
    "currencies": [
      {
        "name": "BND",
        "fullName": "Brunei dollar",
        "symbol": "$"
      },
      {
        "name": "SGD",
        "fullName": "Singapore dollar",
        "symbol": "$"
      }
    ],
    "callingCodes": [
      "+673"
    ],
    "continents": [
      "Asia"
    ]
  },
  {
    "name": "Bulgaria",
    "isoCode": "BG",
    "currencies": [
      {
        "name": "BGN",
        "fullName": "Bulgarian lev",
        "symbol": "\u043b\u0432"
      }
    ],
    "callingCodes": [
      "+359"
    ],
    "continents": [
      "Europe"
    ]
  },
  {
    "name": "Burkina Faso",
    "isoCode": "BF",
    "currencies": [
      {
        "name": "XOF",
        "fullName": "West African CFA franc",
        "symbol": "Fr"
      }
    ],
    "callingCodes": [
      "+226"
    ],
    "continents": [
      "Africa"
    ]
  },
  {
    "name": "Burundi",
    "isoCode": "BI",
    "currencies": [
      {
        "name": "BIF",
        "fullName": "Burundian franc",
        "symbol": "Fr"
      }
    ],
    "callingCodes": [
      "+257"
    ],
    "continents": [
      "Africa"
    ]
  },
  {
    "name": "Cambodia",
    "isoCode": "KH",
    "currencies": [
      {
        "name": "KHR",
        "fullName": "Cambodian riel",
        "symbol": "\u17db"
      },
      {
        "name": "USD",
        "fullName": "United States dollar",
        "symbol": "$"
      }
    ],
    "callingCodes": [
      "+855"
    ],
    "continents": [
      "Asia"
    ]
  },
  {
    "name": "Cameroon",
    "isoCode": "CM",
    "currencies": [
      {
        "name": "XAF",
        "fullName": "Central African CFA franc",
        "symbol": "Fr"
      }
    ],
    "callingCodes": [
      "+237"
    ],
    "continents": [
      "Africa"
    ]
  },
  {
    "name": "Canada",
    "isoCode": "CA",
    "currencies": [
      {
        "name": "CAD",
        "fullName": "Canadian dollar",
        "symbol": "$"
      }
    ],
    "callingCodes": [
      "+1"
    ],
    "continents": [
      "North America"
    ]
  },
  {
    "name": "Cape Verde",
    "isoCode": "CV",
    "currencies": [
      {
        "name": "CVE",
        "fullName": "Cape Verdean escudo",
        "symbol": "Esc"
      }
    ],
    "callingCodes": [
      "+238"
    ],
    "continents": [
      "Africa"
    ]
  },
  {
    "name": "Caribbean Netherlands",
    "isoCode": "BQ",
    "currencies": [
      {
        "name": "USD",
        "fullName": "United States dollar",
        "symbol": "$"
      }
    ],
    "callingCodes": [
      "+599"
    ],
    "continents": [
      "North America"
    ]
  },
  {
    "name": "Cayman Islands",
    "isoCode": "KY",
    "currencies": [
      {
        "name": "KYD",
        "fullName": "Cayman Islands dollar",
        "symbol": "$"
      }
    ],
    "callingCodes": [
      "+1345"
    ],
    "continents": [
      "North America"
    ]
  },
  {
    "name": "Central African Republic",
    "isoCode": "CF",
    "currencies": [
      {
        "name": "XAF",
        "fullName": "Central African CFA franc",
        "symbol": "Fr"
      }
    ],
    "callingCodes": [
      "+236"
    ],
    "continents": [
      "Africa"
    ]
  },
  {
    "name": "Chad",
    "isoCode": "TD",
    "currencies": [
      {
        "name": "XAF",
        "fullName": "Central African CFA franc",
        "symbol": "Fr"
      }
    ],
    "callingCodes": [
      "+235"
    ],
    "continents": [
      "Africa"
    ]
  },
  {
    "name": "Chile",
    "isoCode": "CL",
    "currencies": [
      {
        "name": "CLP",
        "fullName": "Chilean peso",
        "symbol": "$"
      }
    ],
    "callingCodes": [
      "+56"
    ],
    "continents": [
      "South America"
    ]
  },
  {
    "name": "China",
    "isoCode": "CN",
    "currencies": [
      {
        "name": "CNY",
        "fullName": "Chinese yuan",
        "symbol": "\u00a5"
      }
    ],
    "callingCodes": [
      "+86"
    ],
    "continents": [
      "Asia"
    ]
  },
  {
    "name": "Christmas Island",
    "isoCode": "CX",
    "currencies": [
      {
        "name": "AUD",
        "fullName": "Australian dollar",
        "symbol": "$"
      }
    ],
    "callingCodes": [
      "+61"
    ],
    "continents": [
      "Asia"
    ]
  },
  {
    "name": "Cocos (Keeling) Islands",
    "isoCode": "CC",
    "currencies": [
      {
        "name": "AUD",
        "fullName": "Australian dollar",
        "symbol": "$"
      }
    ],
    "callingCodes": [
      "+61"
    ],
    "continents": [
      "Asia"
    ]
  },
  {
    "name": "Colombia",
    "isoCode": "CO",
    "currencies": [
      {
        "name": "COP",
        "fullName": "Colombian peso",
        "symbol": "$"
      }
    ],
    "callingCodes": [
      "+57"
    ],
    "continents": [
      "South America"
    ]
  },
  {
    "name": "Comoros",
    "isoCode": "KM",
    "currencies": [
      {
        "name": "KMF",
        "fullName": "Comorian franc",
        "symbol": "Fr"
      }
    ],
    "callingCodes": [
      "+269"
    ],
    "continents": [
      "Africa"
    ]
  },
  {
    "name": "Cook Islands",
    "isoCode": "CK",
    "currencies": [
      {
        "name": "CKD",
        "fullName": "Cook Islands dollar",
        "symbol": "$"
      },
      {
        "name": "NZD",
        "fullName": "New Zealand dollar",
        "symbol": "$"
      }
    ],
    "callingCodes": [
      "+682"
    ],
    "continents": [
      "Oceania"
    ]
  },
  {
    "name": "Costa Rica",
    "isoCode": "CR",
    "currencies": [
      {
        "name": "CRC",
        "fullName": "Costa Rican col\u00f3n",
        "symbol": "\u20a1"
      }
    ],
    "callingCodes": [
      "+506"
    ],
    "continents": [
      "North America"
    ]
  },
  {
    "name": "Croatia",
    "isoCode": "HR",
    "currencies": [
      {
        "name": "EUR",
        "fullName": "Euro",
        "symbol": "\u20ac"
      }
    ],
    "callingCodes": [
      "+385"
    ],
    "continents": [
      "Europe"
    ]
  },
  {
    "name": "Cuba",
    "isoCode": "CU",
    "currencies": [
      {
        "name": "CUC",
        "fullName": "Cuban convertible peso",
        "symbol": "$"
      },
      {
        "name": "CUP",
        "fullName": "Cuban peso",
        "symbol": "$"
      }
    ],
    "callingCodes": [
      "+53"
    ],
    "continents": [
      "North America"
    ]
  },
  {
    "name": "Cura\u00e7ao",
    "isoCode": "CW",
    "currencies": [
      {
        "name": "ANG",
        "fullName": "Netherlands Antillean guilder",
        "symbol": "\u0192"
      }
    ],
    "callingCodes": [
      "+599"
    ],
    "continents": [
      "North America"
    ]
  },
  {
    "name": "Cyprus",
    "isoCode": "CY",
    "currencies": [
      {
        "name": "EUR",
        "fullName": "Euro",
        "symbol": "\u20ac"
      }
    ],
    "callingCodes": [
      "+357"
    ],
    "continents": [
      "Europe"
    ]
  },
  {
    "name": "Czechia",
    "isoCode": "CZ",
    "currencies": [
      {
        "name": "CZK",
        "fullName": "Czech koruna",
        "symbol": "K\u010d"
      }
    ],
    "callingCodes": [
      "+420"
    ],
    "continents": [
      "Europe"
    ]
  },
  {
    "name": "DR Congo",
    "isoCode": "CD",
    "currencies": [
      {
        "name": "CDF",
        "fullName": "Congolese franc",
        "symbol": "FC"
      }
    ],
    "callingCodes": [
      "+243"
    ],
    "continents": [
      "Africa"
    ]
  },
  {
    "name": "Denmark",
    "isoCode": "DK",
    "currencies": [
      {
        "name": "DKK",
        "fullName": "Danish krone",
        "symbol": "kr"
      }
    ],
    "callingCodes": [
      "+45"
    ],
    "continents": [
      "Europe"
    ]
  },
  {
    "name": "Djibouti",
    "isoCode": "DJ",
    "currencies": [
      {
        "name": "DJF",
        "fullName": "Djiboutian franc",
        "symbol": "Fr"
      }
    ],
    "callingCodes": [
      "+253"
    ],
    "continents": [
      "Africa"
    ]
  },
  {
    "name": "Dominica",
    "isoCode": "DM",
    "currencies": [
      {
        "name": "XCD",
        "fullName": "Eastern Caribbean dollar",
        "symbol": "$"
      }
    ],
    "callingCodes": [
      "+1767"
    ],
    "continents": [
      "North America"
    ]
  },
  {
    "name": "Dominican Republic",
    "isoCode": "DO",
    "currencies": [
      {
        "name": "DOP",
        "fullName": "Dominican peso",
        "symbol": "$"
      }
    ],
    "callingCodes": [
      "+1809",
      "+1829",
      "+1849"
    ],
    "continents": [
      "North America"
    ]
  },
  {
    "name": "Ecuador",
    "isoCode": "EC",
    "currencies": [
      {
        "name": "USD",
        "fullName": "United States dollar",
        "symbol": "$"
      }
    ],
    "callingCodes": [
      "+593"
    ],
    "continents": [
      "South America"
    ]
  },
  {
    "name": "Egypt",
    "isoCode": "EG",
    "currencies": [
      {
        "name": "EGP",
        "fullName": "Egyptian pound",
        "symbol": "\u00a3"
      }
    ],
    "callingCodes": [
      "+20"
    ],
    "continents": [
      "Africa"
    ]
  },
  {
    "name": "El Salvador",
    "isoCode": "SV",
    "currencies": [
      {
        "name": "USD",
        "fullName": "United States dollar",
        "symbol": "$"
      }
    ],
    "callingCodes": [
      "+503"
    ],
    "continents": [
      "North America"
    ]
  },
  {
    "name": "Equatorial Guinea",
    "isoCode": "GQ",
    "currencies": [
      {
        "name": "XAF",
        "fullName": "Central African CFA franc",
        "symbol": "Fr"
      }
    ],
    "callingCodes": [
      "+240"
    ],
    "continents": [
      "Africa"
    ]
  },
  {
    "name": "Eritrea",
    "isoCode": "ER",
    "currencies": [
      {
        "name": "ERN",
        "fullName": "Eritrean nakfa",
        "symbol": "Nfk"
      }
    ],
    "callingCodes": [
      "+291"
    ],
    "continents": [
      "Africa"
    ]
  },
  {
    "name": "Estonia",
    "isoCode": "EE",
    "currencies": [
      {
        "name": "EUR",
        "fullName": "Euro",
        "symbol": "\u20ac"
      }
    ],
    "callingCodes": [
      "+372"
    ],
    "continents": [
      "Europe"
    ]
  },
  {
    "name": "Eswatini",
    "isoCode": "SZ",
    "currencies": [
      {
        "name": "SZL",
        "fullName": "Swazi lilangeni",
        "symbol": "L"
      },
      {
        "name": "ZAR",
        "fullName": "South African rand",
        "symbol": "R"
      }
    ],
    "callingCodes": [
      "+268"
    ],
    "continents": [
      "Africa"
    ]
  },
  {
    "name": "Ethiopia",
    "isoCode": "ET",
    "currencies": [
      {
        "name": "ETB",
        "fullName": "Ethiopian birr",
        "symbol": "Br"
      }
    ],
    "callingCodes": [
      "+251"
    ],
    "continents": [
      "Africa"
    ]
  },
  {
    "name": "Falkland Islands",
    "isoCode": "FK",
    "currencies": [
      {
        "name": "FKP",
        "fullName": "Falkland Islands pound",
        "symbol": "\u00a3"
      }
    ],
    "callingCodes": [
      "+500"
    ],
    "continents": [
      "South America"
    ]
  },
  {
    "name": "Faroe Islands",
    "isoCode": "FO",
    "currencies": [
      {
        "name": "DKK",
        "fullName": "Danish krone",
        "symbol": "kr"
      },
      {
        "name": "FOK",
        "fullName": "Faroese kr\u00f3na",
        "symbol": "kr"
      }
    ],
    "callingCodes": [
      "+298"
    ],
    "continents": [
      "Europe"
    ]
  },
  {
    "name": "Fiji",
    "isoCode": "FJ",
    "currencies": [
      {
        "name": "FJD",
        "fullName": "Fijian dollar",
        "symbol": "$"
      }
    ],
    "callingCodes": [
      "+679"
    ],
    "continents": [
      "Oceania"
    ]
  },
  {
    "name": "Finland",
    "isoCode": "FI",
    "currencies": [
      {
        "name": "EUR",
        "fullName": "Euro",
        "symbol": "\u20ac"
      }
    ],
    "callingCodes": [
      "+358"
    ],
    "continents": [
      "Europe"
    ]
  },
  {
    "name": "France",
    "isoCode": "FR",
    "currencies": [
      {
        "name": "EUR",
        "fullName": "Euro",
        "symbol": "\u20ac"
      }
    ],
    "callingCodes": [
      "+33"
    ],
    "continents": [
      "Europe"
    ]
  },
  {
    "name": "French Guiana",
    "isoCode": "GF",
    "currencies": [
      {
        "name": "EUR",
        "fullName": "Euro",
        "symbol": "\u20ac"
      }
    ],
    "callingCodes": [
      "+594"
    ],
    "continents": [
      "South America"
    ]
  },
  {
    "name": "French Polynesia",
    "isoCode": "PF",
    "currencies": [
      {
        "name": "XPF",
        "fullName": "CFP franc",
        "symbol": "\u20a3"
      }
    ],
    "callingCodes": [
      "+689"
    ],
    "continents": [
      "Oceania"
    ]
  },
  {
    "name": "French Southern and Antarctic Lands",
    "isoCode": "TF",
    "currencies": [
      {
        "name": "EUR",
        "fullName": "Euro",
        "symbol": "\u20ac"
      }
    ],
    "callingCodes": [
      "+262"
    ],
    "continents": [
      "Antarctica"
    ]
  },
  {
    "name": "Gabon",
    "isoCode": "GA",
    "currencies": [
      {
        "name": "XAF",
        "fullName": "Central African CFA franc",
        "symbol": "Fr"
      }
    ],
    "callingCodes": [
      "+241"
    ],
    "continents": [
      "Africa"
    ]
  },
  {
    "name": "Gambia",
    "isoCode": "GM",
    "currencies": [
      {
        "name": "GMD",
        "fullName": "dalasi",
        "symbol": "D"
      }
    ],
    "callingCodes": [
      "+220"
    ],
    "continents": [
      "Africa"
    ]
  },
  {
    "name": "Georgia",
    "isoCode": "GE",
    "currencies": [
      {
        "name": "GEL",
        "fullName": "lari",
        "symbol": "\u20be"
      }
    ],
    "callingCodes": [
      "+995"
    ],
    "continents": [
      "Asia"
    ]
  },
  {
    "name": "Germany",
    "isoCode": "DE",
    "currencies": [
      {
        "name": "EUR",
        "fullName": "Euro",
        "symbol": "\u20ac"
      }
    ],
    "callingCodes": [
      "+49"
    ],
    "continents": [
      "Europe"
    ]
  },
  {
    "name": "Ghana",
    "isoCode": "GH",
    "currencies": [
      {
        "name": "GHS",
        "fullName": "Ghanaian cedi",
        "symbol": "\u20b5"
      }
    ],
    "callingCodes": [
      "+233"
    ],
    "continents": [
      "Africa"
    ]
  },
  {
    "name": "Gibraltar",
    "isoCode": "GI",
    "currencies": [
      {
        "name": "GIP",
        "fullName": "Gibraltar pound",
        "symbol": "\u00a3"
      }
    ],
    "callingCodes": [
      "+350"
    ],
    "continents": [
      "Europe"
    ]
  },
  {
    "name": "Greece",
    "isoCode": "GR",
    "currencies": [
      {
        "name": "EUR",
        "fullName": "Euro",
        "symbol": "\u20ac"
      }
    ],
    "callingCodes": [
      "+30"
    ],
    "continents": [
      "Europe"
    ]
  },
  {
    "name": "Greenland",
    "isoCode": "GL",
    "currencies": [
      {
        "name": "DKK",
        "fullName": "krone",
        "symbol": "kr."
      }
    ],
    "callingCodes": [
      "+299"
    ],
    "continents": [
      "North America"
    ]
  },
  {
    "name": "Grenada",
    "isoCode": "GD",
    "currencies": [
      {
        "name": "XCD",
        "fullName": "Eastern Caribbean dollar",
        "symbol": "$"
      }
    ],
    "callingCodes": [
      "+1473"
    ],
    "continents": [
      "North America"
    ]
  },
  {
    "name": "Guadeloupe",
    "isoCode": "GP",
    "currencies": [
      {
        "name": "EUR",
        "fullName": "Euro",
        "symbol": "\u20ac"
      }
    ],
    "callingCodes": [
      "+590"
    ],
    "continents": [
      "North America"
    ]
  },
  {
    "name": "Guam",
    "isoCode": "GU",
    "currencies": [
      {
        "name": "USD",
        "fullName": "United States dollar",
        "symbol": "$"
      }
    ],
    "callingCodes": [
      "+1671"
    ],
    "continents": [
      "Oceania"
    ]
  },
  {
    "name": "Guatemala",
    "isoCode": "GT",
    "currencies": [
      {
        "name": "GTQ",
        "fullName": "Guatemalan quetzal",
        "symbol": "Q"
      }
    ],
    "callingCodes": [
      "+502"
    ],
    "continents": [
      "North America"
    ]
  },
  {
    "name": "Guernsey",
    "isoCode": "GG",
    "currencies": [
      {
        "name": "GBP",
        "fullName": "British pound",
        "symbol": "\u00a3"
      },
      {
        "name": "GGP",
        "fullName": "Guernsey pound",
        "symbol": "\u00a3"
      }
    ],
    "callingCodes": [
      "+44"
    ],
    "continents": [
      "Europe"
    ]
  },
  {
    "name": "Guinea",
    "isoCode": "GN",
    "currencies": [
      {
        "name": "GNF",
        "fullName": "Guinean franc",
        "symbol": "Fr"
      }
    ],
    "callingCodes": [
      "+224"
    ],
    "continents": [
      "Africa"
    ]
  },
  {
    "name": "Guinea-Bissau",
    "isoCode": "GW",
    "currencies": [
      {
        "name": "XOF",
        "fullName": "West African CFA franc",
        "symbol": "Fr"
      }
    ],
    "callingCodes": [
      "+245"
    ],
    "continents": [
      "Africa"
    ]
  },
  {
    "name": "Guyana",
    "isoCode": "GY",
    "currencies": [
      {
        "name": "GYD",
        "fullName": "Guyanese dollar",
        "symbol": "$"
      }
    ],
    "callingCodes": [
      "+592"
    ],
    "continents": [
      "South America"
    ]
  },
  {
    "name": "Haiti",
    "isoCode": "HT",
    "currencies": [
      {
        "name": "HTG",
        "fullName": "Haitian gourde",
        "symbol": "G"
      }
    ],
    "callingCodes": [
      "+509"
    ],
    "continents": [
      "North America"
    ]
  },
  {
    "name": "Heard Island and McDonald Islands",
    "isoCode": "HM",
    "currencies": [],
    "callingCodes": [],
    "continents": [
      "Antarctica"
    ]
  },
  {
    "name": "Honduras",
    "isoCode": "HN",
    "currencies": [
      {
        "name": "HNL",
        "fullName": "Honduran lempira",
        "symbol": "L"
      }
    ],
    "callingCodes": [
      "+504"
    ],
    "continents": [
      "North America"
    ]
  },
  {
    "name": "Hong Kong",
    "isoCode": "HK",
    "currencies": [
      {
        "name": "HKD",
        "fullName": "Hong Kong dollar",
        "symbol": "$"
      }
    ],
    "callingCodes": [
      "+852"
    ],
    "continents": [
      "Asia"
    ]
  },
  {
    "name": "Hungary",
    "isoCode": "HU",
    "currencies": [
      {
        "name": "HUF",
        "fullName": "Hungarian forint",
        "symbol": "Ft"
      }
    ],
    "callingCodes": [
      "+36"
    ],
    "continents": [
      "Europe"
    ]
  },
  {
    "name": "Iceland",
    "isoCode": "IS",
    "currencies": [
      {
        "name": "ISK",
        "fullName": "Icelandic kr\u00f3na",
        "symbol": "kr"
      }
    ],
    "callingCodes": [
      "+354"
    ],
    "continents": [
      "Europe"
    ]
  },
  {
    "name": "India",
    "isoCode": "IN",
    "currencies": [
      {
        "name": "INR",
        "fullName": "Indian rupee",
        "symbol": "\u20b9"
      }
    ],
    "callingCodes": [
      "+91"
    ],
    "continents": [
      "Asia"
    ]
  },
  {
    "name": "Indonesia",
    "isoCode": "ID",
    "currencies": [
      {
        "name": "IDR",
        "fullName": "Indonesian rupiah",
        "symbol": "Rp"
      }
    ],
    "callingCodes": [
      "+62"
    ],
    "continents": [
      "Asia"
    ]
  },
  {
    "name": "Iran",
    "isoCode": "IR",
    "currencies": [
      {
        "name": "IRR",
        "fullName": "Iranian rial",
        "symbol": "\ufdfc"
      }
    ],
    "callingCodes": [
      "+98"
    ],
    "continents": [
      "Asia"
    ]
  },
  {
    "name": "Iraq",
    "isoCode": "IQ",
    "currencies": [
      {
        "name": "IQD",
        "fullName": "Iraqi dinar",
        "symbol": "\u0639.\u062f"
      }
    ],
    "callingCodes": [
      "+964"
    ],
    "continents": [
      "Asia"
    ]
  },
  {
    "name": "Ireland",
    "isoCode": "IE",
    "currencies": [
      {
        "name": "EUR",
        "fullName": "Euro",
        "symbol": "\u20ac"
      }
    ],
    "callingCodes": [
      "+353"
    ],
    "continents": [
      "Europe"
    ]
  },
  {
    "name": "Isle of Man",
    "isoCode": "IM",
    "currencies": [
      {
        "name": "GBP",
        "fullName": "British pound",
        "symbol": "\u00a3"
      },
      {
        "name": "IMP",
        "fullName": "Manx pound",
        "symbol": "\u00a3"
      }
    ],
    "callingCodes": [
      "+44"
    ],
    "continents": [
      "Europe"
    ]
  },
  {
    "name": "Israel",
    "isoCode": "IL",
    "currencies": [
      {
        "name": "ILS",
        "fullName": "Israeli new shekel",
        "symbol": "\u20aa"
      }
    ],
    "callingCodes": [
      "+972"
    ],
    "continents": [
      "Asia"
    ]
  },
  {
    "name": "Italy",
    "isoCode": "IT",
    "currencies": [
      {
        "name": "EUR",
        "fullName": "Euro",
        "symbol": "\u20ac"
      }
    ],
    "callingCodes": [
      "+39"
    ],
    "continents": [
      "Europe"
    ]
  },
  {
    "name": "Ivory Coast",
    "isoCode": "CI",
    "currencies": [
      {
        "name": "XOF",
        "fullName": "West African CFA franc",
        "symbol": "Fr"
      }
    ],
    "callingCodes": [
      "+225"
    ],
    "continents": [
      "Africa"
    ]
  },
  {
    "name": "Jamaica",
    "isoCode": "JM",
    "currencies": [
      {
        "name": "JMD",
        "fullName": "Jamaican dollar",
        "symbol": "$"
      }
    ],
    "callingCodes": [
      "+1876"
    ],
    "continents": [
      "North America"
    ]
  },
  {
    "name": "Japan",
    "isoCode": "JP",
    "currencies": [
      {
        "name": "JPY",
        "fullName": "Japanese yen",
        "symbol": "\u00a5"
      }
    ],
    "callingCodes": [
      "+81"
    ],
    "continents": [
      "Asia"
    ]
  },
  {
    "name": "Jersey",
    "isoCode": "JE",
    "currencies": [
      {
        "name": "GBP",
        "fullName": "British pound",
        "symbol": "\u00a3"
      },
      {
        "name": "JEP",
        "fullName": "Jersey pound",
        "symbol": "\u00a3"
      }
    ],
    "callingCodes": [
      "+44"
    ],
    "continents": [
      "Europe"
    ]
  },
  {
    "name": "Jordan",
    "isoCode": "JO",
    "currencies": [
      {
        "name": "JOD",
        "fullName": "Jordanian dinar",
        "symbol": "\u062f.\u0627"
      }
    ],
    "callingCodes": [
      "+962"
    ],
    "continents": [
      "Asia"
    ]
  },
  {
    "name": "Kazakhstan",
    "isoCode": "KZ",
    "currencies": [
      {
        "name": "KZT",
        "fullName": "Kazakhstani tenge",
        "symbol": "\u20b8"
      }
    ],
    "callingCodes": [
      "+76",
      "+77"
    ],
    "continents": [
      "Asia"
    ]
  },
  {
    "name": "Kenya",
    "isoCode": "KE",
    "currencies": [
      {
        "name": "KES",
        "fullName": "Kenyan shilling",
        "symbol": "Sh"
      }
    ],
    "callingCodes": [
      "+254"
    ],
    "continents": [
      "Africa"
    ]
  },
  {
    "name": "Kiribati",
    "isoCode": "KI",
    "currencies": [
      {
        "name": "AUD",
        "fullName": "Australian dollar",
        "symbol": "$"
      },
      {
        "name": "KID",
        "fullName": "Kiribati dollar",
        "symbol": "$"
      }
    ],
    "callingCodes": [
      "+686"
    ],
    "continents": [
      "Oceania"
    ]
  },
  {
    "name": "Kosovo",
    "isoCode": "XK",
    "currencies": [
      {
        "name": "EUR",
        "fullName": "Euro",
        "symbol": "\u20ac"
      }
    ],
    "callingCodes": [
      "+383"
    ],
    "continents": [
      "Europe"
    ]
  },
  {
    "name": "Kuwait",
    "isoCode": "KW",
    "currencies": [
      {
        "name": "KWD",
        "fullName": "Kuwaiti dinar",
        "symbol": "\u062f.\u0643"
      }
    ],
    "callingCodes": [
      "+965"
    ],
    "continents": [
      "Asia"
    ]
  },
  {
    "name": "Kyrgyzstan",
    "isoCode": "KG",
    "currencies": [
      {
        "name": "KGS",
        "fullName": "Kyrgyzstani som",
        "symbol": "\u0441"
      }
    ],
    "callingCodes": [
      "+996"
    ],
    "continents": [
      "Asia"
    ]
  },
  {
    "name": "Laos",
    "isoCode": "LA",
    "currencies": [
      {
        "name": "LAK",
        "fullName": "Lao kip",
        "symbol": "\u20ad"
      }
    ],
    "callingCodes": [
      "+856"
    ],
    "continents": [
      "Asia"
    ]
  },
  {
    "name": "Latvia",
    "isoCode": "LV",
    "currencies": [
      {
        "name": "EUR",
        "fullName": "Euro",
        "symbol": "\u20ac"
      }
    ],
    "callingCodes": [
      "+371"
    ],
    "continents": [
      "Europe"
    ]
  },
  {
    "name": "Lebanon",
    "isoCode": "LB",
    "currencies": [
      {
        "name": "LBP",
        "fullName": "Lebanese pound",
        "symbol": "\u0644.\u0644"
      }
    ],
    "callingCodes": [
      "+961"
    ],
    "continents": [
      "Asia"
    ]
  },
  {
    "name": "Lesotho",
    "isoCode": "LS",
    "currencies": [
      {
        "name": "LSL",
        "fullName": "Lesotho loti",
        "symbol": "L"
      },
      {
        "name": "ZAR",
        "fullName": "South African rand",
        "symbol": "R"
      }
    ],
    "callingCodes": [
      "+266"
    ],
    "continents": [
      "Africa"
    ]
  },
  {
    "name": "Liberia",
    "isoCode": "LR",
    "currencies": [
      {
        "name": "LRD",
        "fullName": "Liberian dollar",
        "symbol": "$"
      }
    ],
    "callingCodes": [
      "+231"
    ],
    "continents": [
      "Africa"
    ]
  },
  {
    "name": "Libya",
    "isoCode": "LY",
    "currencies": [
      {
        "name": "LYD",
        "fullName": "Libyan dinar",
        "symbol": "\u0644.\u062f"
      }
    ],
    "callingCodes": [
      "+218"
    ],
    "continents": [
      "Africa"
    ]
  },
  {
    "name": "Liechtenstein",
    "isoCode": "LI",
    "currencies": [
      {
        "name": "CHF",
        "fullName": "Swiss franc",
        "symbol": "Fr"
      }
    ],
    "callingCodes": [
      "+423"
    ],
    "continents": [
      "Europe"
    ]
  },
  {
    "name": "Lithuania",
    "isoCode": "LT",
    "currencies": [
      {
        "name": "EUR",
        "fullName": "Euro",
        "symbol": "\u20ac"
      }
    ],
    "callingCodes": [
      "+370"
    ],
    "continents": [
      "Europe"
    ]
  },
  {
    "name": "Luxembourg",
    "isoCode": "LU",
    "currencies": [
      {
        "name": "EUR",
        "fullName": "Euro",
        "symbol": "\u20ac"
      }
    ],
    "callingCodes": [
      "+352"
    ],
    "continents": [
      "Europe"
    ]
  },
  {
    "name": "Macau",
    "isoCode": "MO",
    "currencies": [
      {
        "name": "MOP",
        "fullName": "Macanese pataca",
        "symbol": "P"
      }
    ],
    "callingCodes": [
      "+853"
    ],
    "continents": [
      "Asia"
    ]
  },
  {
    "name": "Madagascar",
    "isoCode": "MG",
    "currencies": [
      {
        "name": "MGA",
        "fullName": "Malagasy ariary",
        "symbol": "Ar"
      }
    ],
    "callingCodes": [
      "+261"
    ],
    "continents": [
      "Africa"
    ]
  },
  {
    "name": "Malawi",
    "isoCode": "MW",
    "currencies": [
      {
        "name": "MWK",
        "fullName": "Malawian kwacha",
        "symbol": "MK"
      }
    ],
    "callingCodes": [
      "+265"
    ],
    "continents": [
      "Africa"
    ]
  },
  {
    "name": "Malaysia",
    "isoCode": "MY",
    "currencies": [
      {
        "name": "MYR",
        "fullName": "Malaysian ringgit",
        "symbol": "RM"
      }
    ],
    "callingCodes": [
      "+60"
    ],
    "continents": [
      "Asia"
    ]
  },
  {
    "name": "Maldives",
    "isoCode": "MV",
    "currencies": [
      {
        "name": "MVR",
        "fullName": "Maldivian rufiyaa",
        "symbol": ".\u0783"
      }
    ],
    "callingCodes": [
      "+960"
    ],
    "continents": [
      "Asia"
    ]
  },
  {
    "name": "Mali",
    "isoCode": "ML",
    "currencies": [
      {
        "name": "XOF",
        "fullName": "West African CFA franc",
        "symbol": "Fr"
      }
    ],
    "callingCodes": [
      "+223"
    ],
    "continents": [
      "Africa"
    ]
  },
  {
    "name": "Malta",
    "isoCode": "MT",
    "currencies": [
      {
        "name": "EUR",
        "fullName": "Euro",
        "symbol": "\u20ac"
      }
    ],
    "callingCodes": [
      "+356"
    ],
    "continents": [
      "Europe"
    ]
  },
  {
    "name": "Marshall Islands",
    "isoCode": "MH",
    "currencies": [
      {
        "name": "USD",
        "fullName": "United States dollar",
        "symbol": "$"
      }
    ],
    "callingCodes": [
      "+692"
    ],
    "continents": [
      "Oceania"
    ]
  },
  {
    "name": "Martinique",
    "isoCode": "MQ",
    "currencies": [
      {
        "name": "EUR",
        "fullName": "Euro",
        "symbol": "\u20ac"
      }
    ],
    "callingCodes": [
      "+596"
    ],
    "continents": [
      "North America"
    ]
  },
  {
    "name": "Mauritania",
    "isoCode": "MR",
    "currencies": [
      {
        "name": "MRU",
        "fullName": "Mauritanian ouguiya",
        "symbol": "UM"
      }
    ],
    "callingCodes": [
      "+222"
    ],
    "continents": [
      "Africa"
    ]
  },
  {
    "name": "Mauritius",
    "isoCode": "MU",
    "currencies": [
      {
        "name": "MUR",
        "fullName": "Mauritian rupee",
        "symbol": "\u20a8"
      }
    ],
    "callingCodes": [
      "+230"
    ],
    "continents": [
      "Africa"
    ]
  },
  {
    "name": "Mayotte",
    "isoCode": "YT",
    "currencies": [
      {
        "name": "EUR",
        "fullName": "Euro",
        "symbol": "\u20ac"
      }
    ],
    "callingCodes": [
      "+262"
    ],
    "continents": [
      "Africa"
    ]
  },
  {
    "name": "Mexico",
    "isoCode": "MX",
    "currencies": [
      {
        "name": "MXN",
        "fullName": "Mexican peso",
        "symbol": "$"
      }
    ],
    "callingCodes": [
      "+52"
    ],
    "continents": [
      "North America"
    ]
  },
  {
    "name": "Micronesia",
    "isoCode": "FM",
    "currencies": [
      {
        "name": "USD",
        "fullName": "United States dollar",
        "symbol": "$"
      }
    ],
    "callingCodes": [
      "+691"
    ],
    "continents": [
      "Oceania"
    ]
  },
  {
    "name": "Moldova",
    "isoCode": "MD",
    "currencies": [
      {
        "name": "MDL",
        "fullName": "Moldovan leu",
        "symbol": "L"
      }
    ],
    "callingCodes": [
      "+373"
    ],
    "continents": [
      "Europe"
    ]
  },
  {
    "name": "Monaco",
    "isoCode": "MC",
    "currencies": [
      {
        "name": "EUR",
        "fullName": "Euro",
        "symbol": "\u20ac"
      }
    ],
    "callingCodes": [
      "+377"
    ],
    "continents": [
      "Europe"
    ]
  },
  {
    "name": "Mongolia",
    "isoCode": "MN",
    "currencies": [
      {
        "name": "MNT",
        "fullName": "Mongolian t\u00f6gr\u00f6g",
        "symbol": "\u20ae"
      }
    ],
    "callingCodes": [
      "+976"
    ],
    "continents": [
      "Asia"
    ]
  },
  {
    "name": "Montenegro",
    "isoCode": "ME",
    "currencies": [
      {
        "name": "EUR",
        "fullName": "Euro",
        "symbol": "\u20ac"
      }
    ],
    "callingCodes": [
      "+382"
    ],
    "continents": [
      "Europe"
    ]
  },
  {
    "name": "Montserrat",
    "isoCode": "MS",
    "currencies": [
      {
        "name": "XCD",
        "fullName": "Eastern Caribbean dollar",
        "symbol": "$"
      }
    ],
    "callingCodes": [
      "+1664"
    ],
    "continents": [
      "North America"
    ]
  },
  {
    "name": "Morocco",
    "isoCode": "MA",
    "currencies": [
      {
        "name": "MAD",
        "fullName": "Moroccan dirham",
        "symbol": "\u062f.\u0645."
      }
    ],
    "callingCodes": [
      "+212"
    ],
    "continents": [
      "Africa"
    ]
  },
  {
    "name": "Mozambique",
    "isoCode": "MZ",
    "currencies": [
      {
        "name": "MZN",
        "fullName": "Mozambican metical",
        "symbol": "MT"
      }
    ],
    "callingCodes": [
      "+258"
    ],
    "continents": [
      "Africa"
    ]
  },
  {
    "name": "Myanmar",
    "isoCode": "MM",
    "currencies": [
      {
        "name": "MMK",
        "fullName": "Burmese kyat",
        "symbol": "Ks"
      }
    ],
    "callingCodes": [
      "+95"
    ],
    "continents": [
      "Asia"
    ]
  },
  {
    "name": "Namibia",
    "isoCode": "NA",
    "currencies": [
      {
        "name": "NAD",
        "fullName": "Namibian dollar",
        "symbol": "$"
      },
      {
        "name": "ZAR",
        "fullName": "South African rand",
        "symbol": "R"
      }
    ],
    "callingCodes": [
      "+264"
    ],
    "continents": [
      "Africa"
    ]
  },
  {
    "name": "Nauru",
    "isoCode": "NR",
    "currencies": [
      {
        "name": "AUD",
        "fullName": "Australian dollar",
        "symbol": "$"
      }
    ],
    "callingCodes": [
      "+674"
    ],
    "continents": [
      "Oceania"
    ]
  },
  {
    "name": "Nepal",
    "isoCode": "NP",
    "currencies": [
      {
        "name": "NPR",
        "fullName": "Nepalese rupee",
        "symbol": "\u20a8"
      }
    ],
    "callingCodes": [
      "+977"
    ],
    "continents": [
      "Asia"
    ]
  },
  {
    "name": "Netherlands",
    "isoCode": "NL",
    "currencies": [
      {
        "name": "EUR",
        "fullName": "Euro",
        "symbol": "\u20ac"
      }
    ],
    "callingCodes": [
      "+31"
    ],
    "continents": [
      "Europe"
    ]
  },
  {
    "name": "New Caledonia",
    "isoCode": "NC",
    "currencies": [
      {
        "name": "XPF",
        "fullName": "CFP franc",
        "symbol": "\u20a3"
      }
    ],
    "callingCodes": [
      "+687"
    ],
    "continents": [
      "Oceania"
    ]
  },
  {
    "name": "New Zealand",
    "isoCode": "NZ",
    "currencies": [
      {
        "name": "NZD",
        "fullName": "New Zealand dollar",
        "symbol": "$"
      }
    ],
    "callingCodes": [
      "+64"
    ],
    "continents": [
      "Oceania"
    ]
  },
  {
    "name": "Nicaragua",
    "isoCode": "NI",
    "currencies": [
      {
        "name": "NIO",
        "fullName": "Nicaraguan c\u00f3rdoba",
        "symbol": "C$"
      }
    ],
    "callingCodes": [
      "+505"
    ],
    "continents": [
      "North America"
    ]
  },
  {
    "name": "Niger",
    "isoCode": "NE",
    "currencies": [
      {
        "name": "XOF",
        "fullName": "West African CFA franc",
        "symbol": "Fr"
      }
    ],
    "callingCodes": [
      "+227"
    ],
    "continents": [
      "Africa"
    ]
  },
  {
    "name": "Nigeria",
    "isoCode": "NG",
    "currencies": [
      {
        "name": "NGN",
        "fullName": "Nigerian naira",
        "symbol": "\u20a6"
      }
    ],
    "callingCodes": [
      "+234"
    ],
    "continents": [
      "Africa"
    ]
  },
  {
    "name": "Niue",
    "isoCode": "NU",
    "currencies": [
      {
        "name": "NZD",
        "fullName": "New Zealand dollar",
        "symbol": "$"
      }
    ],
    "callingCodes": [
      "+683"
    ],
    "continents": [
      "Oceania"
    ]
  },
  {
    "name": "Norfolk Island",
    "isoCode": "NF",
    "currencies": [
      {
        "name": "AUD",
        "fullName": "Australian dollar",
        "symbol": "$"
      }
    ],
    "callingCodes": [
      "+672"
    ],
    "continents": [
      "Oceania"
    ]
  },
  {
    "name": "North Korea",
    "isoCode": "KP",
    "currencies": [
      {
        "name": "KPW",
        "fullName": "North Korean won",
        "symbol": "\u20a9"
      }
    ],
    "callingCodes": [
      "+850"
    ],
    "continents": [
      "Asia"
    ]
  },
  {
    "name": "North Macedonia",
    "isoCode": "MK",
    "currencies": [
      {
        "name": "MKD",
        "fullName": "denar",
        "symbol": "den"
      }
    ],
    "callingCodes": [
      "+389"
    ],
    "continents": [
      "Europe"
    ]
  },
  {
    "name": "Northern Mariana Islands",
    "isoCode": "MP",
    "currencies": [
      {
        "name": "USD",
        "fullName": "United States dollar",
        "symbol": "$"
      }
    ],
    "callingCodes": [
      "+1670"
    ],
    "continents": [
      "Oceania"
    ]
  },
  {
    "name": "Norway",
    "isoCode": "NO",
    "currencies": [
      {
        "name": "NOK",
        "fullName": "Norwegian krone",
        "symbol": "kr"
      }
    ],
    "callingCodes": [
      "+47"
    ],
    "continents": [
      "Europe"
    ]
  },
  {
    "name": "Oman",
    "isoCode": "OM",
    "currencies": [
      {
        "name": "OMR",
        "fullName": "Omani rial",
        "symbol": "\u0631.\u0639."
      }
    ],
    "callingCodes": [
      "+968"
    ],
    "continents": [
      "Asia"
    ]
  },
  {
    "name": "Pakistan",
    "isoCode": "PK",
    "currencies": [
      {
        "name": "PKR",
        "fullName": "Pakistani rupee",
        "symbol": "\u20a8"
      }
    ],
    "callingCodes": [
      "+92"
    ],
    "continents": [
      "Asia"
    ]
  },
  {
    "name": "Palau",
    "isoCode": "PW",
    "currencies": [
      {
        "name": "USD",
        "fullName": "United States dollar",
        "symbol": "$"
      }
    ],
    "callingCodes": [
      "+680"
    ],
    "continents": [
      "Oceania"
    ]
  },
  {
    "name": "Palestine",
    "isoCode": "PS",
    "currencies": [
      {
        "name": "EGP",
        "fullName": "Egyptian pound",
        "symbol": "E\u00a3"
      },
      {
        "name": "ILS",
        "fullName": "Israeli new shekel",
        "symbol": "\u20aa"
      },
      {
        "name": "JOD",
        "fullName": "Jordanian dinar",
        "symbol": "JD"
      }
    ],
    "callingCodes": [
      "+970"
    ],
    "continents": [
      "Asia"
    ]
  },
  {
    "name": "Panama",
    "isoCode": "PA",
    "currencies": [
      {
        "name": "PAB",
        "fullName": "Panamanian balboa",
        "symbol": "B/."
      },
      {
        "name": "USD",
        "fullName": "United States dollar",
        "symbol": "$"
      }
    ],
    "callingCodes": [
      "+507"
    ],
    "continents": [
      "North America"
    ]
  },
  {
    "name": "Papua New Guinea",
    "isoCode": "PG",
    "currencies": [
      {
        "name": "PGK",
        "fullName": "Papua New Guinean kina",
        "symbol": "K"
      }
    ],
    "callingCodes": [
      "+675"
    ],
    "continents": [
      "Oceania"
    ]
  },
  {
    "name": "Paraguay",
    "isoCode": "PY",
    "currencies": [
      {
        "name": "PYG",
        "fullName": "Paraguayan guaran\u00ed",
        "symbol": "\u20b2"
      }
    ],
    "callingCodes": [
      "+595"
    ],
    "continents": [
      "South America"
    ]
  },
  {
    "name": "Peru",
    "isoCode": "PE",
    "currencies": [
      {
        "name": "PEN",
        "fullName": "Peruvian sol",
        "symbol": "S/ "
      }
    ],
    "callingCodes": [
      "+51"
    ],
    "continents": [
      "South America"
    ]
  },
  {
    "name": "Philippines",
    "isoCode": "PH",
    "currencies": [
      {
        "name": "PHP",
        "fullName": "Philippine peso",
        "symbol": "\u20b1"
      }
    ],
    "callingCodes": [
      "+63"
    ],
    "continents": [
      "Asia"
    ]
  },
  {
    "name": "Pitcairn Islands",
    "isoCode": "PN",
    "currencies": [
      {
        "name": "NZD",
        "fullName": "New Zealand dollar",
        "symbol": "$"
      }
    ],
    "callingCodes": [
      "+64"
    ],
    "continents": [
      "Oceania"
    ]
  },
  {
    "name": "Poland",
    "isoCode": "PL",
    "currencies": [
      {
        "name": "PLN",
        "fullName": "Polish z\u0142oty",
        "symbol": "z\u0142"
      }
    ],
    "callingCodes": [
      "+48"
    ],
    "continents": [
      "Europe"
    ]
  },
  {
    "name": "Portugal",
    "isoCode": "PT",
    "currencies": [
      {
        "name": "EUR",
        "fullName": "Euro",
        "symbol": "\u20ac"
      }
    ],
    "callingCodes": [
      "+351"
    ],
    "continents": [
      "Europe"
    ]
  },
  {
    "name": "Puerto Rico",
    "isoCode": "PR",
    "currencies": [
      {
        "name": "USD",
        "fullName": "United States dollar",
        "symbol": "$"
      }
    ],
    "callingCodes": [
      "+1787",
      "+1939"
    ],
    "continents": [
      "North America"
    ]
  },
  {
    "name": "Qatar",
    "isoCode": "QA",
    "currencies": [
      {
        "name": "QAR",
        "fullName": "Qatari riyal",
        "symbol": "\u0631.\u0642"
      }
    ],
    "callingCodes": [
      "+974"
    ],
    "continents": [
      "Asia"
    ]
  },
  {
    "name": "Republic of the Congo",
    "isoCode": "CG",
    "currencies": [
      {
        "name": "XAF",
        "fullName": "Central African CFA franc",
        "symbol": "Fr"
      }
    ],
    "callingCodes": [
      "+242"
    ],
    "continents": [
      "Africa"
    ]
  },
  {
    "name": "Romania",
    "isoCode": "RO",
    "currencies": [
      {
        "name": "RON",
        "fullName": "Romanian leu",
        "symbol": "lei"
      }
    ],
    "callingCodes": [
      "+40"
    ],
    "continents": [
      "Europe"
    ]
  },
  {
    "name": "Russia",
    "isoCode": "RU",
    "currencies": [
      {
        "name": "RUB",
        "fullName": "Russian ruble",
        "symbol": "\u20bd"
      }
    ],
    "callingCodes": [
      "+73",
      "+74",
      "+75",
      "+78",
      "+79"
    ],
    "continents": [
      "Europe",
      "Asia"
    ]
  },
  {
    "name": "Rwanda",
    "isoCode": "RW",
    "currencies": [
      {
        "name": "RWF",
        "fullName": "Rwandan franc",
        "symbol": "Fr"
      }
    ],
    "callingCodes": [
      "+250"
    ],
    "continents": [
      "Africa"
    ]
  },
  {
    "name": "R\u00e9union",
    "isoCode": "RE",
    "currencies": [
      {
        "name": "EUR",
        "fullName": "Euro",
        "symbol": "\u20ac"
      }
    ],
    "callingCodes": [
      "+262"
    ],
    "continents": [
      "Africa"
    ]
  },
  {
    "name": "Saint Barth\u00e9lemy",
    "isoCode": "BL",
    "currencies": [
      {
        "name": "EUR",
        "fullName": "Euro",
        "symbol": "\u20ac"
      }
    ],
    "callingCodes": [
      "+590"
    ],
    "continents": [
      "North America"
    ]
  },
  {
    "name": "Saint Helena, Ascension and Tristan da Cunha",
    "isoCode": "SH",
    "currencies": [
      {
        "name": "GBP",
        "fullName": "Pound sterling",
        "symbol": "\u00a3"
      },
      {
        "name": "SHP",
        "fullName": "Saint Helena pound",
        "symbol": "\u00a3"
      }
    ],
    "callingCodes": [
      "+290",
      "+247"
    ],
    "continents": [
      "Africa"
    ]
  },
  {
    "name": "Saint Kitts and Nevis",
    "isoCode": "KN",
    "currencies": [
      {
        "name": "XCD",
        "fullName": "Eastern Caribbean dollar",
        "symbol": "$"
      }
    ],
    "callingCodes": [
      "+1869"
    ],
    "continents": [
      "North America"
    ]
  },
  {
    "name": "Saint Lucia",
    "isoCode": "LC",
    "currencies": [
      {
        "name": "XCD",
        "fullName": "Eastern Caribbean dollar",
        "symbol": "$"
      }
    ],
    "callingCodes": [
      "+1758"
    ],
    "continents": [
      "North America"
    ]
  },
  {
    "name": "Saint Martin",
    "isoCode": "MF",
    "currencies": [
      {
        "name": "EUR",
        "fullName": "Euro",
        "symbol": "\u20ac"
      }
    ],
    "callingCodes": [
      "+590"
    ],
    "continents": [
      "North America"
    ]
  },
  {
    "name": "Saint Pierre and Miquelon",
    "isoCode": "PM",
    "currencies": [
      {
        "name": "EUR",
        "fullName": "Euro",
        "symbol": "\u20ac"
      }
    ],
    "callingCodes": [
      "+508"
    ],
    "continents": [
      "North America"
    ]
  },
  {
    "name": "Saint Vincent and the Grenadines",
    "isoCode": "VC",
    "currencies": [
      {
        "name": "XCD",
        "fullName": "Eastern Caribbean dollar",
        "symbol": "$"
      }
    ],
    "callingCodes": [
      "+1784"
    ],
    "continents": [
      "North America"
    ]
  },
  {
    "name": "Samoa",
    "isoCode": "WS",
    "currencies": [
      {
        "name": "WST",
        "fullName": "Samoan t\u0101l\u0101",
        "symbol": "T"
      }
    ],
    "callingCodes": [
      "+685"
    ],
    "continents": [
      "Oceania"
    ]
  },
  {
    "name": "San Marino",
    "isoCode": "SM",
    "currencies": [
      {
        "name": "EUR",
        "fullName": "Euro",
        "symbol": "\u20ac"
      }
    ],
    "callingCodes": [
      "+378"
    ],
    "continents": [
      "Europe"
    ]
  },
  {
    "name": "Saudi Arabia",
    "isoCode": "SA",
    "currencies": [
      {
        "name": "SAR",
        "fullName": "Saudi riyal",
        "symbol": "\u0631.\u0633"
      }
    ],
    "callingCodes": [
      "+966"
    ],
    "continents": [
      "Asia"
    ]
  },
  {
    "name": "Senegal",
    "isoCode": "SN",
    "currencies": [
      {
        "name": "XOF",
        "fullName": "West African CFA franc",
        "symbol": "Fr"
      }
    ],
    "callingCodes": [
      "+221"
    ],
    "continents": [
      "Africa"
    ]
  },
  {
    "name": "Serbia",
    "isoCode": "RS",
    "currencies": [
      {
        "name": "RSD",
        "fullName": "Serbian dinar",
        "symbol": "\u0434\u0438\u043d."
      }
    ],
    "callingCodes": [
      "+381"
    ],
    "continents": [
      "Europe"
    ]
  },
  {
    "name": "Seychelles",
    "isoCode": "SC",
    "currencies": [
      {
        "name": "SCR",
        "fullName": "Seychellois rupee",
        "symbol": "\u20a8"
      }
    ],
    "callingCodes": [
      "+248"
    ],
    "continents": [
      "Africa"
    ]
  },
  {
    "name": "Sierra Leone",
    "isoCode": "SL",
    "currencies": [
      {
        "name": "SLL",
        "fullName": "Sierra Leonean leone",
        "symbol": "Le"
      }
    ],
    "callingCodes": [
      "+232"
    ],
    "continents": [
      "Africa"
    ]
  },
  {
    "name": "Singapore",
    "isoCode": "SG",
    "currencies": [
      {
        "name": "SGD",
        "fullName": "Singapore dollar",
        "symbol": "$"
      }
    ],
    "callingCodes": [
      "+65"
    ],
    "continents": [
      "Asia"
    ]
  },
  {
    "name": "Sint Maarten",
    "isoCode": "SX",
    "currencies": [
      {
        "name": "ANG",
        "fullName": "Netherlands Antillean guilder",
        "symbol": "\u0192"
      }
    ],
    "callingCodes": [
      "+1721"
    ],
    "continents": [
      "North America"
    ]
  },
  {
    "name": "Slovakia",
    "isoCode": "SK",
    "currencies": [
      {
        "name": "EUR",
        "fullName": "Euro",
        "symbol": "\u20ac"
      }
    ],
    "callingCodes": [
      "+421"
    ],
    "continents": [
      "Europe"
    ]
  },
  {
    "name": "Slovenia",
    "isoCode": "SI",
    "currencies": [
      {
        "name": "EUR",
        "fullName": "Euro",
        "symbol": "\u20ac"
      }
    ],
    "callingCodes": [
      "+386"
    ],
    "continents": [
      "Europe"
    ]
  },
  {
    "name": "Solomon Islands",
    "isoCode": "SB",
    "currencies": [
      {
        "name": "SBD",
        "fullName": "Solomon Islands dollar",
        "symbol": "$"
      }
    ],
    "callingCodes": [
      "+677"
    ],
    "continents": [
      "Oceania"
    ]
  },
  {
    "name": "Somalia",
    "isoCode": "SO",
    "currencies": [
      {
        "name": "SOS",
        "fullName": "Somali shilling",
        "symbol": "Sh"
      }
    ],
    "callingCodes": [
      "+252"
    ],
    "continents": [
      "Africa"
    ]
  },
  {
    "name": "South Africa",
    "isoCode": "ZA",
    "currencies": [
      {
        "name": "ZAR",
        "fullName": "South African rand",
        "symbol": "R"
      }
    ],
    "callingCodes": [
      "+27"
    ],
    "continents": [
      "Africa"
    ]
  },
  {
    "name": "South Georgia",
    "isoCode": "GS",
    "currencies": [
      {
        "name": "SHP",
        "fullName": "Saint Helena pound",
        "symbol": "\u00a3"
      }
    ],
    "callingCodes": [
      "+500"
    ],
    "continents": [
      "Antarctica"
    ]
  },
  {
    "name": "South Korea",
    "isoCode": "KR",
    "currencies": [
      {
        "name": "KRW",
        "fullName": "South Korean won",
        "symbol": "\u20a9"
      }
    ],
    "callingCodes": [
      "+82"
    ],
    "continents": [
      "Asia"
    ]
  },
  {
    "name": "South Sudan",
    "isoCode": "SS",
    "currencies": [
      {
        "name": "SSP",
        "fullName": "South Sudanese pound",
        "symbol": "\u00a3"
      }
    ],
    "callingCodes": [
      "+211"
    ],
    "continents": [
      "Africa"
    ]
  },
  {
    "name": "Spain",
    "isoCode": "ES",
    "currencies": [
      {
        "name": "EUR",
        "fullName": "Euro",
        "symbol": "\u20ac"
      }
    ],
    "callingCodes": [
      "+34"
    ],
    "continents": [
      "Europe"
    ]
  },
  {
    "name": "Sri Lanka",
    "isoCode": "LK",
    "currencies": [
      {
        "name": "LKR",
        "fullName": "Sri Lankan rupee",
        "symbol": "Rs  \u0dbb\u0dd4"
      }
    ],
    "callingCodes": [
      "+94"
    ],
    "continents": [
      "Asia"
    ]
  },
  {
    "name": "Sudan",
    "isoCode": "SD",
    "currencies": [
      {
        "name": "SDG",
        "fullName": "Sudanese pound",
        "symbol": "\u062c.\u0633"
      }
    ],
    "callingCodes": [
      "+249"
    ],
    "continents": [
      "Africa"
    ]
  },
  {
    "name": "Suriname",
    "isoCode": "SR",
    "currencies": [
      {
        "name": "SRD",
        "fullName": "Surinamese dollar",
        "symbol": "$"
      }
    ],
    "callingCodes": [
      "+597"
    ],
    "continents": [
      "South America"
    ]
  },
  {
    "name": "Svalbard and Jan Mayen",
    "isoCode": "SJ",
    "currencies": [
      {
        "name": "NOK",
        "fullName": "krone",
        "symbol": "kr"
      }
    ],
    "callingCodes": [
      "+4779"
    ],
    "continents": [
      "Europe"
    ]
  },
  {
    "name": "Sweden",
    "isoCode": "SE",
    "currencies": [
      {
        "name": "SEK",
        "fullName": "Swedish krona",
        "symbol": "kr"
      }
    ],
    "callingCodes": [
      "+46"
    ],
    "continents": [
      "Europe"
    ]
  },
  {
    "name": "Switzerland",
    "isoCode": "CH",
    "currencies": [
      {
        "name": "CHF",
        "fullName": "Swiss franc",
        "symbol": "Fr."
      }
    ],
    "callingCodes": [
      "+41"
    ],
    "continents": [
      "Europe"
    ]
  },
  {
    "name": "Syria",
    "isoCode": "SY",
    "currencies": [
      {
        "name": "SYP",
        "fullName": "Syrian pound",
        "symbol": "\u00a3"
      }
    ],
    "callingCodes": [
      "+963"
    ],
    "continents": [
      "Asia"
    ]
  },
  {
    "name": "S\u00e3o Tom\u00e9 and Pr\u00edncipe",
    "isoCode": "ST",
    "currencies": [
      {
        "name": "STN",
        "fullName": "S\u00e3o Tom\u00e9 and Pr\u00edncipe dobra",
        "symbol": "Db"
      }
    ],
    "callingCodes": [
      "+239"
    ],
    "continents": [
      "Africa"
    ]
  },
  {
    "name": "Taiwan",
    "isoCode": "TW",
    "currencies": [
      {
        "name": "TWD",
        "fullName": "New Taiwan dollar",
        "symbol": "$"
      }
    ],
    "callingCodes": [
      "+886"
    ],
    "continents": [
      "Asia"
    ]
  },
  {
    "name": "Tajikistan",
    "isoCode": "TJ",
    "currencies": [
      {
        "name": "TJS",
        "fullName": "Tajikistani somoni",
        "symbol": "\u0405\u041c"
      }
    ],
    "callingCodes": [
      "+992"
    ],
    "continents": [
      "Asia"
    ]
  },
  {
    "name": "Tanzania",
    "isoCode": "TZ",
    "currencies": [
      {
        "name": "TZS",
        "fullName": "Tanzanian shilling",
        "symbol": "Sh"
      }
    ],
    "callingCodes": [
      "+255"
    ],
    "continents": [
      "Africa"
    ]
  },
  {
    "name": "Thailand",
    "isoCode": "TH",
    "currencies": [
      {
        "name": "THB",
        "fullName": "Thai baht",
        "symbol": "\u0e3f"
      }
    ],
    "callingCodes": [
      "+66"
    ],
    "continents": [
      "Asia"
    ]
  },
  {
    "name": "Timor-Leste",
    "isoCode": "TL",
    "currencies": [
      {
        "name": "USD",
        "fullName": "United States dollar",
        "symbol": "$"
      }
    ],
    "callingCodes": [
      "+670"
    ],
    "continents": [
      "Oceania"
    ]
  },
  {
    "name": "Togo",
    "isoCode": "TG",
    "currencies": [
      {
        "name": "XOF",
        "fullName": "West African CFA franc",
        "symbol": "Fr"
      }
    ],
    "callingCodes": [
      "+228"
    ],
    "continents": [
      "Africa"
    ]
  },
  {
    "name": "Tokelau",
    "isoCode": "TK",
    "currencies": [
      {
        "name": "NZD",
        "fullName": "New Zealand dollar",
        "symbol": "$"
      }
    ],
    "callingCodes": [
      "+690"
    ],
    "continents": [
      "Oceania"
    ]
  },
  {
    "name": "Tonga",
    "isoCode": "TO",
    "currencies": [
      {
        "name": "TOP",
        "fullName": "Tongan pa\u02bbanga",
        "symbol": "T$"
      }
    ],
    "callingCodes": [
      "+676"
    ],
    "continents": [
      "Oceania"
    ]
  },
  {
    "name": "Trinidad and Tobago",
    "isoCode": "TT",
    "currencies": [
      {
        "name": "TTD",
        "fullName": "Trinidad and Tobago dollar",
        "symbol": "$"
      }
    ],
    "callingCodes": [
      "+1868"
    ],
    "continents": [
      "North America"
    ]
  },
  {
    "name": "Tunisia",
    "isoCode": "TN",
    "currencies": [
      {
        "name": "TND",
        "fullName": "Tunisian dinar",
        "symbol": "\u062f.\u062a"
      }
    ],
    "callingCodes": [
      "+216"
    ],
    "continents": [
      "Africa"
    ]
  },
  {
    "name": "Turkey",
    "isoCode": "TR",
    "currencies": [
      {
        "name": "TRY",
        "fullName": "Turkish lira",
        "symbol": "\u20ba"
      }
    ],
    "callingCodes": [
      "+90"
    ],
    "continents": [
      "Europe",
      "Asia"
    ]
  },
  {
    "name": "Turkmenistan",
    "isoCode": "TM",
    "currencies": [
      {
        "name": "TMT",
        "fullName": "Turkmenistan manat",
        "symbol": "m"
      }
    ],
    "callingCodes": [
      "+993"
    ],
    "continents": [
      "Asia"
    ]
  },
  {
    "name": "Turks and Caicos Islands",
    "isoCode": "TC",
    "currencies": [
      {
        "name": "USD",
        "fullName": "United States dollar",
        "symbol": "$"
      }
    ],
    "callingCodes": [
      "+1649"
    ],
    "continents": [
      "North America"
    ]
  },
  {
    "name": "Tuvalu",
    "isoCode": "TV",
    "currencies": [
      {
        "name": "AUD",
        "fullName": "Australian dollar",
        "symbol": "$"
      },
      {
        "name": "TVD",
        "fullName": "Tuvaluan dollar",
        "symbol": "$"
      }
    ],
    "callingCodes": [
      "+688"
    ],
    "continents": [
      "Oceania"
    ]
  },
  {
    "name": "Uganda",
    "isoCode": "UG",
    "currencies": [
      {
        "name": "UGX",
        "fullName": "Ugandan shilling",
        "symbol": "Sh"
      }
    ],
    "callingCodes": [
      "+256"
    ],
    "continents": [
      "Africa"
    ]
  },
  {
    "name": "Ukraine",
    "isoCode": "UA",
    "currencies": [
      {
        "name": "UAH",
        "fullName": "Ukrainian hryvnia",
        "symbol": "\u20b4"
      }
    ],
    "callingCodes": [
      "+380"
    ],
    "continents": [
      "Europe"
    ]
  },
  {
    "name": "United Arab Emirates",
    "isoCode": "AE",
    "currencies": [
      {
        "name": "AED",
        "fullName": "United Arab Emirates dirham",
        "symbol": "\u062f.\u0625"
      }
    ],
    "callingCodes": [
      "+971"
    ],
    "continents": [
      "Asia"
    ]
  },
  {
    "name": "United Kingdom",
    "isoCode": "GB",
    "currencies": [
      {
        "name": "GBP",
        "fullName": "British pound",
        "symbol": "\u00a3"
      }
    ],
    "callingCodes": [
      "+44"
    ],
    "continents": [
      "Europe"
    ]
  },
  {
    "name": "United States",
    "isoCode": "US",
    "currencies": [
      {
        "name": "USD",
        "fullName": "United States dollar",
        "symbol": "$"
      }
    ],
    "callingCodes": [
      "+1201",
      "+1202",
      "+1203",
      "+1205",
      "+1206",
      "+1207",
      "+1208",
      "+1209",
      "+1210",
      "+1212",
      "+1213",
      "+1214",
      "+1215",
      "+1216",
      "+1217",
      "+1218",
      "+1219",
      "+1220",
      "+1224",
      "+1225",
      "+1227",
      "+1228",
      "+1229",
      "+1231",
      "+1234",
      "+1239",
      "+1240",
      "+1248",
      "+1251",
      "+1252",
      "+1253",
      "+1254",
      "+1256",
      "+1260",
      "+1262",
      "+1267",
      "+1269",
      "+1270",
      "+1272",
      "+1274",
      "+1276",
      "+1281",
      "+1283",
      "+1301",
      "+1302",
      "+1303",
      "+1304",
      "+1305",
      "+1307",
      "+1308",
      "+1309",
      "+1310",
      "+1312",
      "+1313",
      "+1314",
      "+1315",
      "+1316",
      "+1317",
      "+1318",
      "+1319",
      "+1320",
      "+1321",
      "+1323",
      "+1325",
      "+1327",
      "+1330",
      "+1331",
      "+1334",
      "+1336",
      "+1337",
      "+1339",
      "+1346",
      "+1347",
      "+1351",
      "+1352",
      "+1360",
      "+1361",
      "+1364",
      "+1380",
      "+1385",
      "+1386",
      "+1401",
      "+1402",
      "+1404",
      "+1405",
      "+1406",
      "+1407",
      "+1408",
      "+1409",
      "+1410",
      "+1412",
      "+1413",
      "+1414",
      "+1415",
      "+1417",
      "+1419",
      "+1423",
      "+1424",
      "+1425",
      "+1430",
      "+1432",
      "+1434",
      "+1435",
      "+1440",
      "+1442",
      "+1443",
      "+1447",
      "+1458",
      "+1463",
      "+1464",
      "+1469",
      "+1470",
      "+1475",
      "+1478",
      "+1479",
      "+1480",
      "+1484",
      "+1501",
      "+1502",
      "+1503",
      "+1504",
      "+1505",
      "+1507",
      "+1508",
      "+1509",
      "+1510",
      "+1512",
      "+1513",
      "+1515",
      "+1516",
      "+1517",
      "+1518",
      "+1520",
      "+1530",
      "+1531",
      "+1534",
      "+1539",
      "+1540",
      "+1541",
      "+1551",
      "+1559",
      "+1561",
      "+1562",
      "+1563",
      "+1564",
      "+1567",
      "+1570",
      "+1571",
      "+1573",
      "+1574",
      "+1575",
      "+1580",
      "+1585",
      "+1586",
      "+1601",
      "+1602",
      "+1603",
      "+1605",
      "+1606",
      "+1607",
      "+1608",
      "+1609",
      "+1610",
      "+1612",
      "+1614",
      "+1615",
      "+1616",
      "+1617",
      "+1618",
      "+1619",
      "+1620",
      "+1623",
      "+1626",
      "+1628",
      "+1629",
      "+1630",
      "+1631",
      "+1636",
      "+1641",
      "+1646",
      "+1650",
      "+1651",
      "+1657",
      "+1660",
      "+1661",
      "+1662",
      "+1667",
      "+1669",
      "+1678",
      "+1681",
      "+1682",
      "+1701",
      "+1702",
      "+1703",
      "+1704",
      "+1706",
      "+1707",
      "+1708",
      "+1712",
      "+1713",
      "+1714",
      "+1715",
      "+1716",
      "+1717",
      "+1718",
      "+1719",
      "+1720",
      "+1724",
      "+1725",
      "+1727",
      "+1730",
      "+1731",
      "+1732",
      "+1734",
      "+1737",
      "+1740",
      "+1743",
      "+1747",
      "+1754",
      "+1757",
      "+1760",
      "+1762",
      "+1763",
      "+1765",
      "+1769",
      "+1770",
      "+1772",
      "+1773",
      "+1774",
      "+1775",
      "+1779",
      "+1781",
      "+1785",
      "+1786",
      "+1801",
      "+1802",
      "+1803",
      "+1804",
      "+1805",
      "+1806",
      "+1808",
      "+1810",
      "+1812",
      "+1813",
      "+1814",
      "+1815",
      "+1816",
      "+1817",
      "+1818",
      "+1828",
      "+1830",
      "+1831",
      "+1832",
      "+1843",
      "+1845",
      "+1847",
      "+1848",
      "+1850",
      "+1854",
      "+1856",
      "+1857",
      "+1858",
      "+1859",
      "+1860",
      "+1862",
      "+1863",
      "+1864",
      "+1865",
      "+1870",
      "+1872",
      "+1878",
      "+1901",
      "+1903",
      "+1904",
      "+1906",
      "+1907",
      "+1908",
      "+1909",
      "+1910",
      "+1912",
      "+1913",
      "+1914",
      "+1915",
      "+1916",
      "+1917",
      "+1918",
      "+1919",
      "+1920",
      "+1925",
      "+1928",
      "+1929",
      "+1930",
      "+1931",
      "+1934",
      "+1936",
      "+1937",
      "+1938",
      "+1940",
      "+1941",
      "+1947",
      "+1949",
      "+1951",
      "+1952",
      "+1954",
      "+1956",
      "+1959",
      "+1970",
      "+1971",
      "+1972",
      "+1973",
      "+1975",
      "+1978",
      "+1979",
      "+1980",
      "+1984",
      "+1985",
      "+1989"
    ],
    "continents": [
      "North America"
    ]
  },
  {
    "name": "United States Minor Outlying Islands",
    "isoCode": "UM",
    "currencies": [
      {
        "name": "USD",
        "fullName": "United States dollar",
        "symbol": "$"
      }
    ],
    "callingCodes": [
      "+268"
    ],
    "continents": [
      "Oceania"
    ]
  },
  {
    "name": "United States Virgin Islands",
    "isoCode": "VI",
    "currencies": [
      {
        "name": "USD",
        "fullName": "United States dollar",
        "symbol": "$"
      }
    ],
    "callingCodes": [
      "+1340"
    ],
    "continents": [
      "North America"
    ]
  },
  {
    "name": "Uruguay",
    "isoCode": "UY",
    "currencies": [
      {
        "name": "UYU",
        "fullName": "Uruguayan peso",
        "symbol": "$"
      }
    ],
    "callingCodes": [
      "+598"
    ],
    "continents": [
      "South America"
    ]
  },
  {
    "name": "Uzbekistan",
    "isoCode": "UZ",
    "currencies": [
      {
        "name": "UZS",
        "fullName": "Uzbekistani so\u02bbm",
        "symbol": "so'm"
      }
    ],
    "callingCodes": [
      "+998"
    ],
    "continents": [
      "Asia"
    ]
  },
  {
    "name": "Vanuatu",
    "isoCode": "VU",
    "currencies": [
      {
        "name": "VUV",
        "fullName": "Vanuatu vatu",
        "symbol": "Vt"
      }
    ],
    "callingCodes": [
      "+678"
    ],
    "continents": [
      "Oceania"
    ]
  },
  {
    "name": "Vatican City",
    "isoCode": "VA",
    "currencies": [
      {
        "name": "EUR",
        "fullName": "Euro",
        "symbol": "\u20ac"
      }
    ],
    "callingCodes": [
      "+3906698",
      "+379"
    ],
    "continents": [
      "Europe"
    ]
  },
  {
    "name": "Venezuela",
    "isoCode": "VE",
    "currencies": [
      {
        "name": "VES",
        "fullName": "Venezuelan bol\u00edvar soberano",
        "symbol": "Bs.S."
      }
    ],
    "callingCodes": [
      "+58"
    ],
    "continents": [
      "South America"
    ]
  },
  {
    "name": "Vietnam",
    "isoCode": "VN",
    "currencies": [
      {
        "name": "VND",
        "fullName": "Vietnamese \u0111\u1ed3ng",
        "symbol": "\u20ab"
      }
    ],
    "callingCodes": [
      "+84"
    ],
    "continents": [
      "Asia"
    ]
  },
  {
    "name": "Wallis and Futuna",
    "isoCode": "WF",
    "currencies": [
      {
        "name": "XPF",
        "fullName": "CFP franc",
        "symbol": "\u20a3"
      }
    ],
    "callingCodes": [
      "+681"
    ],
    "continents": [
      "Oceania"
    ]
  },
  {
    "name": "Western Sahara",
    "isoCode": "EH",
    "currencies": [
      {
        "name": "DZD",
        "fullName": "Algerian dinar",
        "symbol": "\u062f\u062c"
      },
      {
        "name": "MAD",
        "fullName": "Moroccan dirham",
        "symbol": "DH"
      },
      {
        "name": "MRU",
        "fullName": "Mauritanian ouguiya",
        "symbol": "UM"
      }
    ],
    "callingCodes": [
      "+2125288",
      "+2125289"
    ],
    "continents": [
      "Africa"
    ]
  },
  {
    "name": "Yemen",
    "isoCode": "YE",
    "currencies": [
      {
        "name": "YER",
        "fullName": "Yemeni rial",
        "symbol": "\ufdfc"
      }
    ],
    "callingCodes": [
      "+967"
    ],
    "continents": [
      "Asia"
    ]
  },
  {
    "name": "Zambia",
    "isoCode": "ZM",
    "currencies": [
      {
        "name": "ZMW",
        "fullName": "Zambian kwacha",
        "symbol": "ZK"
      }
    ],
    "callingCodes": [
      "+260"
    ],
    "continents": [
      "Africa"
    ]
  },
  {
    "name": "Zimbabwe",
    "isoCode": "ZW",
    "currencies": [
      {
        "name": "ZWL",
        "fullName": "Zimbabwean dollar",
        "symbol": "$"
      }
    ],
    "callingCodes": [
      "+263"
    ],
    "continents": [
      "Africa"
    ]
  },
  {
    "name": "\u00c5land Islands",
    "isoCode": "AX",
    "currencies": [
      {
        "name": "EUR",
        "fullName": "Euro",
        "symbol": "\u20ac"
      }
    ],
    "callingCodes": [
      "+35818"
    ],
    "continents": [
      "Europe"
    ]
  }
]