[
    {
        "name": "pawaPay",
        "status": true,
        "countries": [
            {
                "countryIso2": "BJ",
                "countryIso3": "BEN",
                "operators": [
                    {
                        "name": "MTN",
                        "momoName": "MoMo from MTN",
                        "percentageFee": 2.2,
                        "status": true
                    }
                ]
            },
            {
                "countryIso2": "CI",
                "countryIso3": "CIV",
                "operators": [
                    {
                        "name": "MTN",
                        "momoName": "MoMo from MTN",
                        "percentageFee": 1.8,
                        "status": true
                    },
                    {
                        "name": "Orange",
                        "momoName": "Orange Money",
                        "percentageFee": 2.5,
                        "status": true
                    }
                ]
            },
            {
                "countryIso2": "CM",
                "countryIso3": "CMR",
                "operators": [
                    {
                        "name": "MTN",
                        "momoName": "MoMo from MTN",
                        "percentageFee": 1.75,
                        "status": true
                    },
                    {
                        "name": "Orange",
                        "momoName": "Orange Money",
                        "percentageFee": 1.77,
                        "status": true
                    }
                ]
            },
            {
                "countryIso2": "CD",
                "countryIso3": "COD",
                "operators": [
                    {
                        "name": "Airtel",
                        "momoName": "Airtel Money",
                        "percentageFee": 3.0,
                        "status": true
                    },
                    {
                        "name": "Orange",
                        "momoName": "Orange Money",
                        "percentageFee": 3.0,
                        "status": true
                    },
                    {
                        "name": "Vodacom",
                        "momoName": "Vodacom",
                        "percentageFee": 2.5,
                        "status": true
                    }
                ]
            },
            {
                "countryIso2": "GH",
                "countryIso3": "GHA",
                "operators": [
                    {
                        "name": "AT",
                        "momoName": "AT Money",
                        "percentageFee": 2.0,
                        "status": true
                    },
                    {
                        "name": "MTM",
                        "momoName": "MoMo from MTN",
                        "percentageFee": 2.0,
                        "status": true
                    },
                    {
                        "name": "Telecel (ex-Vodafone)",
                        "momoName": "Telecel Cash",
                        "percentageFee": 2.0,
                        "status": true
                    }
                ]
            },
            {
                "countryIso2": "KE",
                "countryIso3": "KEN",
                "operators": [
                    {
                        "name": "M-PESA",
                        "momoName": "M-PESA",
                        "percentageFee": null,
                        "status": true
                    }
                ]
            },
            {
                "countryIso2": "MW",
                "countryIso3": "MWI",
                "operators": [
                    {
                        "name": "Airtel",
                        "momoName": "Airtel Money",
                        "percentageFee": 3.33,
                        "status": true
                    },
                    {
                        "name": "TNM",
                        "momoName": "TNM",
                        "percentageFee": 3.0,
                        "status": true
                    }
                ]
            },
            {
                "countryIso2": "RW",
                "countryIso3": "RWA",
                "operators": [
                    {
                        "name": "Airtel",
                        "momoName": "Airtel Money",
                        "percentageFee": 2.77,
                        "status": true
                    },
                    {
                        "name": "MTN",
                        "momoName": "MoMo from MTN",
                        "percentageFee": 3.1,
                        "status": true
                    }
                ]
            },
            {
                "countryIso2": "SN",
                "countryIso3": "SEN",
                "operators": [
                    {
                        "name": "Free",
                        "momoName": "Free",
                        "percentageFee": null,
                        "status": true
                    },
                    {
                        "name": "Orange",
                        "momoName": "Orange Money",
                        "percentageFee": 2.0,
                        "status": true
                    }
                ]
            },
            {
                "countryIso2": "TZ",
                "countryIso3": "TZA",
                "operators": [
                    {
                        "name": "Airtel",
                        "momoName": "Airtel Money",
                        "percentageFee": 2.18,
                        "status": true
                    },
                    {
                        "name": "Halotel",
                        "momoName": "HaloPesa",
                        "percentageFee": 2.0,
                        "status": true
                    },
                    {
                        "name": "Vodacom",
                        "momoName": "Vodacom",
                        "percentageFee": 1.0,
                        "status": true
                    }
                ]
            },
            {
                "countryIso2": "UG",
                "countryIso3": "UGA",
                "operators": [
                    {
                        "name": "Airtel",
                        "momoName": "Airtel Money",
                        "percentageFee": 2.5,
                        "status": true
                    },
                    {
                        "name": "MTN",
                        "momoName": "MoMo from MTN",
                        "percentageFee": 3.0,
                        "status": true
                    }
                ]
            },
            {
                "countryIso2": "ZM",
                "countryIso3": "ZMB",
                "operators": [
                    {
                        "name": "Airtel",
                        "momoName": "Airtel Money",
                        "percentageFee": null,
                        "status": true
                    },
                    {
                        "name": "MTN",
                        "momoName": "MoMo from MTN",
                        "percentageFee": null,
                        "status": true
                    },
                    {
                        "name": "Zamtel",
                        "momoName": "Zamtel Mobile Money",
                        "percentageFee": null,
                        "status": true
                    }
                ]
            }
        ]
    }
]